<?xml version="1.0" encoding="UTF-8"?>
<root>
  <item name="com.xiuyukeji.pictureplayerview.PicturePlayer PicturePlayer(android.content.Context, int, int, com.xiuyukeji.pictureplayerview.PicturePlayer.Renderer) 1">
    <annotation name="android.support.annotation.IntDef">
      <val name="value" val="{com.xiuyukeji.pictureplayerview.annotations.PictureSource.FILE, com.xiuyukeji.pictureplayerview.annotations.PictureSource.ASSETS}" />
    </annotation>
  </item>
  <item name="com.xiuyukeji.pictureplayerview.PicturePlayerView void setScaleType(int) 0">
    <annotation name="android.support.annotation.IntDef">
      <val name="value" val="{com.xiuyukeji.pictureplayerview.annotations.FitSource.FIT_WIDTH, com.xiuyukeji.pictureplayerview.annotations.FitSource.FIT_HEIGHT, com.xiuyukeji.pictureplayerview.annotations.FitSource.FIT_CENTER, com.xiuyukeji.pictureplayerview.annotations.FitSource.FIT_CROP}" />
    </annotation>
  </item>
</root>

