<?xml version="1.0" encoding="UTF-8"?>
<root>
  <item name="com.xiuyukeji.pictureplayerview.annotations.FitSource">
    <annotation name="android.support.annotation.IntDef">
      <val name="value" val="{com.xiuyukeji.pictureplayerview.annotations.FitSource.FIT_WIDTH, com.xiuyukeji.pictureplayerview.annotations.FitSource.FIT_HEIGHT, com.xiuyukeji.pictureplayerview.annotations.FitSource.FIT_CENTER, com.xiuyukeji.pictureplayerview.annotations.FitSource.FIT_CROP}" />
    </annotation>
  </item>
  <item name="com.xiuyukeji.pictureplayerview.annotations.PictureSource">
    <annotation name="android.support.annotation.IntDef">
      <val name="value" val="{com.xiuyukeji.pictureplayerview.annotations.PictureSource.FILE, com.xiuyukeji.pictureplayerview.annotations.PictureSource.ASSETS}" />
    </annotation>
  </item>
</root>

